CellName,strain,treatment,Rm,Rb,maxFiringRate
2025_01_31_07,WKY,1,107.9888845,4.88E-10,41.95842414
2024_02_07_01,WKY,1,68.89587958,1.59E-10,45.53609219